gas_poor_TNG100-1_000002.png,https://www.tng-project.org/api/TNG100-1/snapshots/99/subhalos/2/
gas_poor_TNG100-1_000003.png,https://www.tng-project.org/api/TNG100-1/snapshots/99/subhalos/3/
gas_poor_TNG100-1_000004.png,https://www.tng-project.org/api/TNG100-1/snapshots/99/subhalos/4/
gas_poor_TNG100-1_000005.png,https://www.tng-project.org/api/TNG100-1/snapshots/99/subhalos/5/
gas_poor_TNG100-1_000006.png,https://www.tng-project.org/api/TNG100-1/snapshots/99/subhalos/6/
gas_poor_TNG100-1_000010.png,https://www.tng-project.org/api/TNG100-1/snapshots/99/subhalos/10/
gas_poor_TNG100-1_000015.png,https://www.tng-project.org/api/TNG100-1/snapshots/99/subhalos/15/
gas_poor_TNG100-1_000017.png,https://www.tng-project.org/api/TNG100-1/snapshots/99/subhalos/17/
gas_poor_TNG100-1_000018.png,https://www.tng-project.org/api/TNG100-1/snapshots/99/subhalos/18/
gas_poor_TNG100-1_000020.png,https://www.tng-project.org/api/TNG100-1/snapshots/99/subhalos/20/
gas_poor_TNG100-1_000024.png,https://www.tng-project.org/api/TNG100-1/snapshots/99/subhalos/24/
gas_poor_TNG100-1_000026.png,https://www.tng-project.org/api/TNG100-1/snapshots/99/subhalos/26/
gas_poor_TNG100-1_000027.png,https://www.tng-project.org/api/TNG100-1/snapshots/99/subhalos/27/
gas_poor_TNG100-1_000028.png,https://www.tng-project.org/api/TNG100-1/snapshots/99/subhalos/28/
gas_poor_TNG100-1_000029.png,https://www.tng-project.org/api/TNG100-1/snapshots/99/subhalos/29/
gas_poor_TNG100-1_000032.png,https://www.tng-project.org/api/TNG100-1/snapshots/99/subhalos/32/
gas_poor_TNG100-1_000036.png,https://www.tng-project.org/api/TNG100-1/snapshots/99/subhalos/36/
gas_poor_TNG100-1_000037.png,https://www.tng-project.org/api/TNG100-1/snapshots/99/subhalos/37/
gas_poor_TNG100-1_000038.png,https://www.tng-project.org/api/TNG100-1/snapshots/99/subhalos/38/
gas_poor_TNG100-1_000041.png,https://www.tng-project.org/api/TNG100-1/snapshots/99/subhalos/41/
gas_poor_TNG100-1_000042.png,https://www.tng-project.org/api/TNG100-1/snapshots/99/subhalos/42/
gas_poor_TNG100-1_000043.png,https://www.tng-project.org/api/TNG100-1/snapshots/99/subhalos/43/
gas_poor_TNG100-1_000048.png,https://www.tng-project.org/api/TNG100-1/snapshots/99/subhalos/48/
gas_poor_TNG100-1_000050.png,https://www.tng-project.org/api/TNG100-1/snapshots/99/subhalos/50/
gas_poor_TNG100-1_000051.png,https://www.tng-project.org/api/TNG100-1/snapshots/99/subhalos/51/
gas_poor_TNG100-1_000052.png,https://www.tng-project.org/api/TNG100-1/snapshots/99/subhalos/52/
gas_poor_TNG100-1_000054.png,https://www.tng-project.org/api/TNG100-1/snapshots/99/subhalos/54/
gas_poor_TNG100-1_000061.png,https://www.tng-project.org/api/TNG100-1/snapshots/99/subhalos/61/
gas_poor_TNG100-1_000062.png,https://www.tng-project.org/api/TNG100-1/snapshots/99/subhalos/62/
gas_poor_TNG100-1_000064.png,https://www.tng-project.org/api/TNG100-1/snapshots/99/subhalos/64/
gas_poor_TNG100-1_000069.png,https://www.tng-project.org/api/TNG100-1/snapshots/99/subhalos/69/
gas_poor_TNG100-1_000072.png,https://www.tng-project.org/api/TNG100-1/snapshots/99/subhalos/72/
gas_poor_TNG100-1_000082.png,https://www.tng-project.org/api/TNG100-1/snapshots/99/subhalos/82/
gas_poor_TNG100-1_000084.png,https://www.tng-project.org/api/TNG100-1/snapshots/99/subhalos/84/
gas_poor_TNG100-1_000088.png,https://www.tng-project.org/api/TNG100-1/snapshots/99/subhalos/88/
gas_poor_TNG100-1_000097.png,https://www.tng-project.org/api/TNG100-1/snapshots/99/subhalos/97/
gas_poor_TNG100-1_000098.png,https://www.tng-project.org/api/TNG100-1/snapshots/99/subhalos/98/
gas_poor_TNG100-1_000102.png,https://www.tng-project.org/api/TNG100-1/snapshots/99/subhalos/102/
gas_poor_TNG100-1_000104.png,https://www.tng-project.org/api/TNG100-1/snapshots/99/subhalos/104/
gas_poor_TNG100-1_000106.png,https://www.tng-project.org/api/TNG100-1/snapshots/99/subhalos/106/
gas_poor_TNG100-1_000111.png,https://www.tng-project.org/api/TNG100-1/snapshots/99/subhalos/111/
gas_poor_TNG100-1_000113.png,https://www.tng-project.org/api/TNG100-1/snapshots/99/subhalos/113/
gas_poor_TNG100-1_000115.png,https://www.tng-project.org/api/TNG100-1/snapshots/99/subhalos/115/
gas_poor_TNG100-1_000116.png,https://www.tng-project.org/api/TNG100-1/snapshots/99/subhalos/116/
gas_poor_TNG100-1_000118.png,https://www.tng-project.org/api/TNG100-1/snapshots/99/subhalos/118/
gas_poor_TNG100-1_000119.png,https://www.tng-project.org/api/TNG100-1/snapshots/99/subhalos/119/
gas_poor_TNG100-1_000122.png,https://www.tng-project.org/api/TNG100-1/snapshots/99/subhalos/122/
gas_poor_TNG100-1_000123.png,https://www.tng-project.org/api/TNG100-1/snapshots/99/subhalos/123/
gas_poor_TNG100-1_000125.png,https://www.tng-project.org/api/TNG100-1/snapshots/99/subhalos/125/
gas_poor_TNG100-1_000126.png,https://www.tng-project.org/api/TNG100-1/snapshots/99/subhalos/126/
gas_poor_TNG100-1_000132.png,https://www.tng-project.org/api/TNG100-1/snapshots/99/subhalos/132/
gas_poor_TNG100-1_000135.png,https://www.tng-project.org/api/TNG100-1/snapshots/99/subhalos/135/
gas_poor_TNG100-1_000136.png,https://www.tng-project.org/api/TNG100-1/snapshots/99/subhalos/136/
gas_poor_TNG100-1_000138.png,https://www.tng-project.org/api/TNG100-1/snapshots/99/subhalos/138/
gas_poor_TNG100-1_000139.png,https://www.tng-project.org/api/TNG100-1/snapshots/99/subhalos/139/
gas_poor_TNG100-1_000142.png,https://www.tng-project.org/api/TNG100-1/snapshots/99/subhalos/142/
gas_poor_TNG100-1_000143.png,https://www.tng-project.org/api/TNG100-1/snapshots/99/subhalos/143/
gas_poor_TNG100-1_000144.png,https://www.tng-project.org/api/TNG100-1/snapshots/99/subhalos/144/
gas_poor_TNG100-1_000148.png,https://www.tng-project.org/api/TNG100-1/snapshots/99/subhalos/148/
gas_poor_TNG100-1_000151.png,https://www.tng-project.org/api/TNG100-1/snapshots/99/subhalos/151/
gas_poor_TNG100-1_000163.png,https://www.tng-project.org/api/TNG100-1/snapshots/99/subhalos/163/
gas_poor_TNG100-1_000173.png,https://www.tng-project.org/api/TNG100-1/snapshots/99/subhalos/173/
gas_poor_TNG100-1_000180.png,https://www.tng-project.org/api/TNG100-1/snapshots/99/subhalos/180/
gas_poor_TNG100-1_000191.png,https://www.tng-project.org/api/TNG100-1/snapshots/99/subhalos/191/
gas_poor_TNG100-1_000193.png,https://www.tng-project.org/api/TNG100-1/snapshots/99/subhalos/193/
gas_poor_TNG100-1_000204.png,https://www.tng-project.org/api/TNG100-1/snapshots/99/subhalos/204/
gas_poor_TNG100-1_000233.png,https://www.tng-project.org/api/TNG100-1/snapshots/99/subhalos/233/
gas_poor_TNG100-1_000234.png,https://www.tng-project.org/api/TNG100-1/snapshots/99/subhalos/234/
gas_poor_TNG100-1_000343.png,https://www.tng-project.org/api/TNG100-1/snapshots/99/subhalos/343/
gas_poor_TNG100-1_000452.png,https://www.tng-project.org/api/TNG100-1/snapshots/99/subhalos/452/
gas_poor_TNG100-1_000521.png,https://www.tng-project.org/api/TNG100-1/snapshots/99/subhalos/521/
gas_poor_TNG100-1_017186.png,https://www.tng-project.org/api/TNG100-1/snapshots/99/subhalos/17186/
gas_poor_TNG100-1_017187.png,https://www.tng-project.org/api/TNG100-1/snapshots/99/subhalos/17187/
gas_poor_TNG100-1_017189.png,https://www.tng-project.org/api/TNG100-1/snapshots/99/subhalos/17189/
gas_poor_TNG100-1_017191.png,https://www.tng-project.org/api/TNG100-1/snapshots/99/subhalos/17191/
gas_poor_TNG100-1_017197.png,https://www.tng-project.org/api/TNG100-1/snapshots/99/subhalos/17197/
gas_poor_TNG100-1_017200.png,https://www.tng-project.org/api/TNG100-1/snapshots/99/subhalos/17200/
gas_poor_TNG100-1_017210.png,https://www.tng-project.org/api/TNG100-1/snapshots/99/subhalos/17210/
gas_poor_TNG100-1_017211.png,https://www.tng-project.org/api/TNG100-1/snapshots/99/subhalos/17211/
gas_poor_TNG100-1_017214.png,https://www.tng-project.org/api/TNG100-1/snapshots/99/subhalos/17214/
gas_poor_TNG100-1_017215.png,https://www.tng-project.org/api/TNG100-1/snapshots/99/subhalos/17215/
gas_poor_TNG100-1_017216.png,https://www.tng-project.org/api/TNG100-1/snapshots/99/subhalos/17216/
gas_poor_TNG100-1_017231.png,https://www.tng-project.org/api/TNG100-1/snapshots/99/subhalos/17231/
gas_poor_TNG100-1_017237.png,https://www.tng-project.org/api/TNG100-1/snapshots/99/subhalos/17237/
gas_poor_TNG100-1_017242.png,https://www.tng-project.org/api/TNG100-1/snapshots/99/subhalos/17242/
gas_poor_TNG100-1_017243.png,https://www.tng-project.org/api/TNG100-1/snapshots/99/subhalos/17243/
gas_poor_TNG100-1_017259.png,https://www.tng-project.org/api/TNG100-1/snapshots/99/subhalos/17259/
gas_poor_TNG100-1_017260.png,https://www.tng-project.org/api/TNG100-1/snapshots/99/subhalos/17260/
gas_poor_TNG100-1_017261.png,https://www.tng-project.org/api/TNG100-1/snapshots/99/subhalos/17261/
gas_poor_TNG100-1_017264.png,https://www.tng-project.org/api/TNG100-1/snapshots/99/subhalos/17264/
gas_poor_TNG100-1_017276.png,https://www.tng-project.org/api/TNG100-1/snapshots/99/subhalos/17276/
gas_poor_TNG100-1_017279.png,https://www.tng-project.org/api/TNG100-1/snapshots/99/subhalos/17279/
gas_poor_TNG100-1_017282.png,https://www.tng-project.org/api/TNG100-1/snapshots/99/subhalos/17282/
gas_poor_TNG100-1_017287.png,https://www.tng-project.org/api/TNG100-1/snapshots/99/subhalos/17287/
gas_poor_TNG100-1_017288.png,https://www.tng-project.org/api/TNG100-1/snapshots/99/subhalos/17288/
gas_poor_TNG100-1_017292.png,https://www.tng-project.org/api/TNG100-1/snapshots/99/subhalos/17292/
gas_poor_TNG100-1_017295.png,https://www.tng-project.org/api/TNG100-1/snapshots/99/subhalos/17295/
gas_poor_TNG100-1_017299.png,https://www.tng-project.org/api/TNG100-1/snapshots/99/subhalos/17299/
gas_poor_TNG100-1_017364.png,https://www.tng-project.org/api/TNG100-1/snapshots/99/subhalos/17364/
gas_poor_TNG100-1_017373.png,https://www.tng-project.org/api/TNG100-1/snapshots/99/subhalos/17373/
gas_poor_TNG100-1_031345.png,https://www.tng-project.org/api/TNG100-1/snapshots/99/subhalos/31345/
gas_poor_TNG100-1_031348.png,https://www.tng-project.org/api/TNG100-1/snapshots/99/subhalos/31348/
gas_poor_TNG100-1_031350.png,https://www.tng-project.org/api/TNG100-1/snapshots/99/subhalos/31350/
gas_poor_TNG100-1_031357.png,https://www.tng-project.org/api/TNG100-1/snapshots/99/subhalos/31357/
gas_poor_TNG100-1_031358.png,https://www.tng-project.org/api/TNG100-1/snapshots/99/subhalos/31358/
gas_poor_TNG100-1_031374.png,https://www.tng-project.org/api/TNG100-1/snapshots/99/subhalos/31374/
gas_poor_TNG100-1_031375.png,https://www.tng-project.org/api/TNG100-1/snapshots/99/subhalos/31375/
gas_poor_TNG100-1_031390.png,https://www.tng-project.org/api/TNG100-1/snapshots/99/subhalos/31390/
gas_poor_TNG100-1_031391.png,https://www.tng-project.org/api/TNG100-1/snapshots/99/subhalos/31391/
gas_poor_TNG100-1_031395.png,https://www.tng-project.org/api/TNG100-1/snapshots/99/subhalos/31395/
gas_poor_TNG100-1_031400.png,https://www.tng-project.org/api/TNG100-1/snapshots/99/subhalos/31400/
gas_poor_TNG100-1_031407.png,https://www.tng-project.org/api/TNG100-1/snapshots/99/subhalos/31407/
gas_poor_TNG100-1_031410.png,https://www.tng-project.org/api/TNG100-1/snapshots/99/subhalos/31410/
gas_poor_TNG100-1_031413.png,https://www.tng-project.org/api/TNG100-1/snapshots/99/subhalos/31413/
gas_poor_TNG100-1_031416.png,https://www.tng-project.org/api/TNG100-1/snapshots/99/subhalos/31416/
gas_poor_TNG100-1_031419.png,https://www.tng-project.org/api/TNG100-1/snapshots/99/subhalos/31419/
gas_poor_TNG100-1_031449.png,https://www.tng-project.org/api/TNG100-1/snapshots/99/subhalos/31449/
gas_poor_TNG100-1_041585.png,https://www.tng-project.org/api/TNG100-1/snapshots/99/subhalos/41585/
gas_poor_TNG100-1_041586.png,https://www.tng-project.org/api/TNG100-1/snapshots/99/subhalos/41586/
gas_poor_TNG100-1_041587.png,https://www.tng-project.org/api/TNG100-1/snapshots/99/subhalos/41587/
gas_poor_TNG100-1_041588.png,https://www.tng-project.org/api/TNG100-1/snapshots/99/subhalos/41588/
gas_poor_TNG100-1_041589.png,https://www.tng-project.org/api/TNG100-1/snapshots/99/subhalos/41589/
gas_poor_TNG100-1_041590.png,https://www.tng-project.org/api/TNG100-1/snapshots/99/subhalos/41590/
gas_poor_TNG100-1_041596.png,https://www.tng-project.org/api/TNG100-1/snapshots/99/subhalos/41596/
gas_poor_TNG100-1_041599.png,https://www.tng-project.org/api/TNG100-1/snapshots/99/subhalos/41599/
gas_poor_TNG100-1_041600.png,https://www.tng-project.org/api/TNG100-1/snapshots/99/subhalos/41600/
gas_poor_TNG100-1_041601.png,https://www.tng-project.org/api/TNG100-1/snapshots/99/subhalos/41601/
gas_poor_TNG100-1_041603.png,https://www.tng-project.org/api/TNG100-1/snapshots/99/subhalos/41603/
gas_poor_TNG100-1_041604.png,https://www.tng-project.org/api/TNG100-1/snapshots/99/subhalos/41604/
gas_poor_TNG100-1_041608.png,https://www.tng-project.org/api/TNG100-1/snapshots/99/subhalos/41608/
gas_poor_TNG100-1_041612.png,https://www.tng-project.org/api/TNG100-1/snapshots/99/subhalos/41612/
gas_poor_TNG100-1_041614.png,https://www.tng-project.org/api/TNG100-1/snapshots/99/subhalos/41614/
gas_poor_TNG100-1_041616.png,https://www.tng-project.org/api/TNG100-1/snapshots/99/subhalos/41616/
gas_poor_TNG100-1_041619.png,https://www.tng-project.org/api/TNG100-1/snapshots/99/subhalos/41619/
gas_poor_TNG100-1_041620.png,https://www.tng-project.org/api/TNG100-1/snapshots/99/subhalos/41620/
gas_poor_TNG100-1_041626.png,https://www.tng-project.org/api/TNG100-1/snapshots/99/subhalos/41626/
gas_poor_TNG100-1_041632.png,https://www.tng-project.org/api/TNG100-1/snapshots/99/subhalos/41632/
gas_poor_TNG100-1_041635.png,https://www.tng-project.org/api/TNG100-1/snapshots/99/subhalos/41635/
gas_poor_TNG100-1_041637.png,https://www.tng-project.org/api/TNG100-1/snapshots/99/subhalos/41637/
gas_poor_TNG100-1_041638.png,https://www.tng-project.org/api/TNG100-1/snapshots/99/subhalos/41638/
gas_poor_TNG100-1_041640.png,https://www.tng-project.org/api/TNG100-1/snapshots/99/subhalos/41640/
gas_poor_TNG100-1_041642.png,https://www.tng-project.org/api/TNG100-1/snapshots/99/subhalos/41642/
gas_poor_TNG100-1_041644.png,https://www.tng-project.org/api/TNG100-1/snapshots/99/subhalos/41644/
gas_poor_TNG100-1_041645.png,https://www.tng-project.org/api/TNG100-1/snapshots/99/subhalos/41645/
gas_poor_TNG100-1_041647.png,https://www.tng-project.org/api/TNG100-1/snapshots/99/subhalos/41647/
gas_poor_TNG100-1_041648.png,https://www.tng-project.org/api/TNG100-1/snapshots/99/subhalos/41648/
gas_poor_TNG100-1_041650.png,https://www.tng-project.org/api/TNG100-1/snapshots/99/subhalos/41650/
gas_poor_TNG100-1_041657.png,https://www.tng-project.org/api/TNG100-1/snapshots/99/subhalos/41657/
gas_poor_TNG100-1_041661.png,https://www.tng-project.org/api/TNG100-1/snapshots/99/subhalos/41661/
gas_poor_TNG100-1_041662.png,https://www.tng-project.org/api/TNG100-1/snapshots/99/subhalos/41662/
gas_poor_TNG100-1_041665.png,https://www.tng-project.org/api/TNG100-1/snapshots/99/subhalos/41665/
gas_poor_TNG100-1_041667.png,https://www.tng-project.org/api/TNG100-1/snapshots/99/subhalos/41667/
gas_poor_TNG100-1_041670.png,https://www.tng-project.org/api/TNG100-1/snapshots/99/subhalos/41670/
gas_poor_TNG100-1_041671.png,https://www.tng-project.org/api/TNG100-1/snapshots/99/subhalos/41671/
gas_poor_TNG100-1_041676.png,https://www.tng-project.org/api/TNG100-1/snapshots/99/subhalos/41676/
gas_poor_TNG100-1_041679.png,https://www.tng-project.org/api/TNG100-1/snapshots/99/subhalos/41679/
gas_poor_TNG100-1_041680.png,https://www.tng-project.org/api/TNG100-1/snapshots/99/subhalos/41680/
gas_poor_TNG100-1_041682.png,https://www.tng-project.org/api/TNG100-1/snapshots/99/subhalos/41682/
gas_poor_TNG100-1_041685.png,https://www.tng-project.org/api/TNG100-1/snapshots/99/subhalos/41685/
gas_poor_TNG100-1_041686.png,https://www.tng-project.org/api/TNG100-1/snapshots/99/subhalos/41686/
gas_poor_TNG100-1_041689.png,https://www.tng-project.org/api/TNG100-1/snapshots/99/subhalos/41689/
gas_poor_TNG100-1_041692.png,https://www.tng-project.org/api/TNG100-1/snapshots/99/subhalos/41692/
gas_poor_TNG100-1_041694.png,https://www.tng-project.org/api/TNG100-1/snapshots/99/subhalos/41694/
gas_poor_TNG100-1_041697.png,https://www.tng-project.org/api/TNG100-1/snapshots/99/subhalos/41697/
gas_poor_TNG100-1_041704.png,https://www.tng-project.org/api/TNG100-1/snapshots/99/subhalos/41704/
gas_poor_TNG100-1_041706.png,https://www.tng-project.org/api/TNG100-1/snapshots/99/subhalos/41706/
gas_poor_TNG100-1_041711.png,https://www.tng-project.org/api/TNG100-1/snapshots/99/subhalos/41711/
gas_poor_TNG100-1_041713.png,https://www.tng-project.org/api/TNG100-1/snapshots/99/subhalos/41713/
gas_poor_TNG100-1_041720.png,https://www.tng-project.org/api/TNG100-1/snapshots/99/subhalos/41720/
gas_poor_TNG100-1_041731.png,https://www.tng-project.org/api/TNG100-1/snapshots/99/subhalos/41731/
gas_poor_TNG100-1_041738.png,https://www.tng-project.org/api/TNG100-1/snapshots/99/subhalos/41738/
gas_poor_TNG100-1_041740.png,https://www.tng-project.org/api/TNG100-1/snapshots/99/subhalos/41740/
gas_poor_TNG100-1_041756.png,https://www.tng-project.org/api/TNG100-1/snapshots/99/subhalos/41756/
gas_poor_TNG100-1_041769.png,https://www.tng-project.org/api/TNG100-1/snapshots/99/subhalos/41769/
gas_poor_TNG100-1_041778.png,https://www.tng-project.org/api/TNG100-1/snapshots/99/subhalos/41778/
gas_poor_TNG100-1_041780.png,https://www.tng-project.org/api/TNG100-1/snapshots/99/subhalos/41780/
gas_poor_TNG100-1_041801.png,https://www.tng-project.org/api/TNG100-1/snapshots/99/subhalos/41801/
gas_poor_TNG100-1_041945.png,https://www.tng-project.org/api/TNG100-1/snapshots/99/subhalos/41945/
gas_poor_TNG100-1_052619.png,https://www.tng-project.org/api/TNG100-1/snapshots/99/subhalos/52619/
gas_poor_TNG100-1_052620.png,https://www.tng-project.org/api/TNG100-1/snapshots/99/subhalos/52620/
gas_poor_TNG100-1_052622.png,https://www.tng-project.org/api/TNG100-1/snapshots/99/subhalos/52622/
gas_poor_TNG100-1_052625.png,https://www.tng-project.org/api/TNG100-1/snapshots/99/subhalos/52625/
gas_poor_TNG100-1_052628.png,https://www.tng-project.org/api/TNG100-1/snapshots/99/subhalos/52628/
gas_poor_TNG100-1_052630.png,https://www.tng-project.org/api/TNG100-1/snapshots/99/subhalos/52630/
gas_poor_TNG100-1_052631.png,https://www.tng-project.org/api/TNG100-1/snapshots/99/subhalos/52631/
gas_poor_TNG100-1_052635.png,https://www.tng-project.org/api/TNG100-1/snapshots/99/subhalos/52635/
gas_poor_TNG100-1_052641.png,https://www.tng-project.org/api/TNG100-1/snapshots/99/subhalos/52641/
gas_poor_TNG100-1_052650.png,https://www.tng-project.org/api/TNG100-1/snapshots/99/subhalos/52650/
gas_poor_TNG100-1_052658.png,https://www.tng-project.org/api/TNG100-1/snapshots/99/subhalos/52658/
gas_poor_TNG100-1_052674.png,https://www.tng-project.org/api/TNG100-1/snapshots/99/subhalos/52674/
gas_poor_TNG100-1_052683.png,https://www.tng-project.org/api/TNG100-1/snapshots/99/subhalos/52683/
gas_poor_TNG100-1_052684.png,https://www.tng-project.org/api/TNG100-1/snapshots/99/subhalos/52684/
gas_poor_TNG100-1_052693.png,https://www.tng-project.org/api/TNG100-1/snapshots/99/subhalos/52693/
gas_poor_TNG100-1_052711.png,https://www.tng-project.org/api/TNG100-1/snapshots/99/subhalos/52711/
gas_poor_TNG100-1_052717.png,https://www.tng-project.org/api/TNG100-1/snapshots/99/subhalos/52717/
gas_poor_TNG100-1_052719.png,https://www.tng-project.org/api/TNG100-1/snapshots/99/subhalos/52719/
gas_poor_TNG100-1_052728.png,https://www.tng-project.org/api/TNG100-1/snapshots/99/subhalos/52728/
gas_poor_TNG100-1_052783.png,https://www.tng-project.org/api/TNG100-1/snapshots/99/subhalos/52783/
gas_poor_TNG100-1_060732.png,https://www.tng-project.org/api/TNG100-1/snapshots/99/subhalos/60732/
gas_poor_TNG100-1_060733.png,https://www.tng-project.org/api/TNG100-1/snapshots/99/subhalos/60733/
gas_poor_TNG100-1_060735.png,https://www.tng-project.org/api/TNG100-1/snapshots/99/subhalos/60735/
gas_poor_TNG100-1_060736.png,https://www.tng-project.org/api/TNG100-1/snapshots/99/subhalos/60736/
gas_poor_TNG100-1_060738.png,https://www.tng-project.org/api/TNG100-1/snapshots/99/subhalos/60738/
gas_poor_TNG100-1_060739.png,https://www.tng-project.org/api/TNG100-1/snapshots/99/subhalos/60739/
gas_poor_TNG100-1_060740.png,https://www.tng-project.org/api/TNG100-1/snapshots/99/subhalos/60740/
gas_poor_TNG100-1_060741.png,https://www.tng-project.org/api/TNG100-1/snapshots/99/subhalos/60741/
gas_poor_TNG100-1_060742.png,https://www.tng-project.org/api/TNG100-1/snapshots/99/subhalos/60742/
gas_poor_TNG100-1_060743.png,https://www.tng-project.org/api/TNG100-1/snapshots/99/subhalos/60743/
gas_poor_TNG100-1_060744.png,https://www.tng-project.org/api/TNG100-1/snapshots/99/subhalos/60744/
gas_poor_TNG100-1_060748.png,https://www.tng-project.org/api/TNG100-1/snapshots/99/subhalos/60748/
gas_poor_TNG100-1_060749.png,https://www.tng-project.org/api/TNG100-1/snapshots/99/subhalos/60749/
gas_poor_TNG100-1_060754.png,https://www.tng-project.org/api/TNG100-1/snapshots/99/subhalos/60754/
gas_poor_TNG100-1_060756.png,https://www.tng-project.org/api/TNG100-1/snapshots/99/subhalos/60756/
gas_poor_TNG100-1_060762.png,https://www.tng-project.org/api/TNG100-1/snapshots/99/subhalos/60762/
gas_poor_TNG100-1_060767.png,https://www.tng-project.org/api/TNG100-1/snapshots/99/subhalos/60767/
gas_poor_TNG100-1_060768.png,https://www.tng-project.org/api/TNG100-1/snapshots/99/subhalos/60768/
gas_poor_TNG100-1_060770.png,https://www.tng-project.org/api/TNG100-1/snapshots/99/subhalos/60770/
gas_poor_TNG100-1_060779.png,https://www.tng-project.org/api/TNG100-1/snapshots/99/subhalos/60779/
gas_poor_TNG100-1_060784.png,https://www.tng-project.org/api/TNG100-1/snapshots/99/subhalos/60784/
gas_poor_TNG100-1_060788.png,https://www.tng-project.org/api/TNG100-1/snapshots/99/subhalos/60788/
gas_poor_TNG100-1_060791.png,https://www.tng-project.org/api/TNG100-1/snapshots/99/subhalos/60791/
gas_poor_TNG100-1_060793.png,https://www.tng-project.org/api/TNG100-1/snapshots/99/subhalos/60793/
gas_poor_TNG100-1_060796.png,https://www.tng-project.org/api/TNG100-1/snapshots/99/subhalos/60796/
gas_poor_TNG100-1_060797.png,https://www.tng-project.org/api/TNG100-1/snapshots/99/subhalos/60797/
gas_poor_TNG100-1_060800.png,https://www.tng-project.org/api/TNG100-1/snapshots/99/subhalos/60800/
gas_poor_TNG100-1_060804.png,https://www.tng-project.org/api/TNG100-1/snapshots/99/subhalos/60804/
gas_poor_TNG100-1_060807.png,https://www.tng-project.org/api/TNG100-1/snapshots/99/subhalos/60807/
gas_poor_TNG100-1_060812.png,https://www.tng-project.org/api/TNG100-1/snapshots/99/subhalos/60812/
gas_poor_TNG100-1_060813.png,https://www.tng-project.org/api/TNG100-1/snapshots/99/subhalos/60813/
gas_poor_TNG100-1_060821.png,https://www.tng-project.org/api/TNG100-1/snapshots/99/subhalos/60821/
gas_poor_TNG100-1_060833.png,https://www.tng-project.org/api/TNG100-1/snapshots/99/subhalos/60833/
gas_poor_TNG100-1_060857.png,https://www.tng-project.org/api/TNG100-1/snapshots/99/subhalos/60857/
gas_poor_TNG100-1_060929.png,https://www.tng-project.org/api/TNG100-1/snapshots/99/subhalos/60929/
gas_poor_TNG100-1_069508.png,https://www.tng-project.org/api/TNG100-1/snapshots/99/subhalos/69508/
gas_poor_TNG100-1_069513.png,https://www.tng-project.org/api/TNG100-1/snapshots/99/subhalos/69513/
gas_poor_TNG100-1_069514.png,https://www.tng-project.org/api/TNG100-1/snapshots/99/subhalos/69514/
gas_poor_TNG100-1_069518.png,https://www.tng-project.org/api/TNG100-1/snapshots/99/subhalos/69518/
gas_poor_TNG100-1_069526.png,https://www.tng-project.org/api/TNG100-1/snapshots/99/subhalos/69526/
gas_poor_TNG100-1_069527.png,https://www.tng-project.org/api/TNG100-1/snapshots/99/subhalos/69527/
gas_poor_TNG100-1_069533.png,https://www.tng-project.org/api/TNG100-1/snapshots/99/subhalos/69533/
gas_poor_TNG100-1_069546.png,https://www.tng-project.org/api/TNG100-1/snapshots/99/subhalos/69546/
gas_poor_TNG100-1_069548.png,https://www.tng-project.org/api/TNG100-1/snapshots/99/subhalos/69548/
gas_poor_TNG100-1_069550.png,https://www.tng-project.org/api/TNG100-1/snapshots/99/subhalos/69550/
gas_poor_TNG100-1_069558.png,https://www.tng-project.org/api/TNG100-1/snapshots/99/subhalos/69558/
gas_poor_TNG100-1_069570.png,https://www.tng-project.org/api/TNG100-1/snapshots/99/subhalos/69570/
gas_poor_TNG100-1_069573.png,https://www.tng-project.org/api/TNG100-1/snapshots/99/subhalos/69573/
gas_poor_TNG100-1_069619.png,https://www.tng-project.org/api/TNG100-1/snapshots/99/subhalos/69619/
gas_poor_TNG100-1_076089.png,https://www.tng-project.org/api/TNG100-1/snapshots/99/subhalos/76089/
gas_poor_TNG100-1_076090.png,https://www.tng-project.org/api/TNG100-1/snapshots/99/subhalos/76090/
gas_poor_TNG100-1_076092.png,https://www.tng-project.org/api/TNG100-1/snapshots/99/subhalos/76092/
gas_poor_TNG100-1_076093.png,https://www.tng-project.org/api/TNG100-1/snapshots/99/subhalos/76093/
gas_poor_TNG100-1_076096.png,https://www.tng-project.org/api/TNG100-1/snapshots/99/subhalos/76096/
gas_poor_TNG100-1_076099.png,https://www.tng-project.org/api/TNG100-1/snapshots/99/subhalos/76099/
gas_poor_TNG100-1_076104.png,https://www.tng-project.org/api/TNG100-1/snapshots/99/subhalos/76104/
gas_poor_TNG100-1_076106.png,https://www.tng-project.org/api/TNG100-1/snapshots/99/subhalos/76106/
gas_poor_TNG100-1_076108.png,https://www.tng-project.org/api/TNG100-1/snapshots/99/subhalos/76108/
gas_poor_TNG100-1_076111.png,https://www.tng-project.org/api/TNG100-1/snapshots/99/subhalos/76111/
gas_poor_TNG100-1_076112.png,https://www.tng-project.org/api/TNG100-1/snapshots/99/subhalos/76112/
gas_poor_TNG100-1_076114.png,https://www.tng-project.org/api/TNG100-1/snapshots/99/subhalos/76114/
gas_poor_TNG100-1_076116.png,https://www.tng-project.org/api/TNG100-1/snapshots/99/subhalos/76116/
gas_poor_TNG100-1_076117.png,https://www.tng-project.org/api/TNG100-1/snapshots/99/subhalos/76117/
gas_poor_TNG100-1_076118.png,https://www.tng-project.org/api/TNG100-1/snapshots/99/subhalos/76118/
gas_poor_TNG100-1_076121.png,https://www.tng-project.org/api/TNG100-1/snapshots/99/subhalos/76121/
gas_poor_TNG100-1_076125.png,https://www.tng-project.org/api/TNG100-1/snapshots/99/subhalos/76125/
gas_poor_TNG100-1_076126.png,https://www.tng-project.org/api/TNG100-1/snapshots/99/subhalos/76126/
gas_poor_TNG100-1_076127.png,https://www.tng-project.org/api/TNG100-1/snapshots/99/subhalos/76127/
gas_poor_TNG100-1_076131.png,https://www.tng-project.org/api/TNG100-1/snapshots/99/subhalos/76131/
gas_poor_TNG100-1_076134.png,https://www.tng-project.org/api/TNG100-1/snapshots/99/subhalos/76134/
gas_poor_TNG100-1_076135.png,https://www.tng-project.org/api/TNG100-1/snapshots/99/subhalos/76135/
gas_poor_TNG100-1_076141.png,https://www.tng-project.org/api/TNG100-1/snapshots/99/subhalos/76141/
gas_poor_TNG100-1_076143.png,https://www.tng-project.org/api/TNG100-1/snapshots/99/subhalos/76143/
gas_poor_TNG100-1_076148.png,https://www.tng-project.org/api/TNG100-1/snapshots/99/subhalos/76148/
gas_poor_TNG100-1_076150.png,https://www.tng-project.org/api/TNG100-1/snapshots/99/subhalos/76150/
gas_poor_TNG100-1_076156.png,https://www.tng-project.org/api/TNG100-1/snapshots/99/subhalos/76156/
gas_poor_TNG100-1_076162.png,https://www.tng-project.org/api/TNG100-1/snapshots/99/subhalos/76162/
gas_poor_TNG100-1_076163.png,https://www.tng-project.org/api/TNG100-1/snapshots/99/subhalos/76163/
gas_poor_TNG100-1_076166.png,https://www.tng-project.org/api/TNG100-1/snapshots/99/subhalos/76166/
gas_poor_TNG100-1_076168.png,https://www.tng-project.org/api/TNG100-1/snapshots/99/subhalos/76168/
gas_poor_TNG100-1_076171.png,https://www.tng-project.org/api/TNG100-1/snapshots/99/subhalos/76171/
gas_poor_TNG100-1_076172.png,https://www.tng-project.org/api/TNG100-1/snapshots/99/subhalos/76172/
gas_poor_TNG100-1_076178.png,https://www.tng-project.org/api/TNG100-1/snapshots/99/subhalos/76178/
gas_poor_TNG100-1_076179.png,https://www.tng-project.org/api/TNG100-1/snapshots/99/subhalos/76179/
gas_poor_TNG100-1_076182.png,https://www.tng-project.org/api/TNG100-1/snapshots/99/subhalos/76182/
gas_poor_TNG100-1_076185.png,https://www.tng-project.org/api/TNG100-1/snapshots/99/subhalos/76185/
gas_poor_TNG100-1_076203.png,https://www.tng-project.org/api/TNG100-1/snapshots/99/subhalos/76203/
gas_poor_TNG100-1_076227.png,https://www.tng-project.org/api/TNG100-1/snapshots/99/subhalos/76227/
gas_poor_TNG100-1_083281.png,https://www.tng-project.org/api/TNG100-1/snapshots/99/subhalos/83281/
gas_poor_TNG100-1_083284.png,https://www.tng-project.org/api/TNG100-1/snapshots/99/subhalos/83284/
gas_poor_TNG100-1_083285.png,https://www.tng-project.org/api/TNG100-1/snapshots/99/subhalos/83285/
gas_poor_TNG100-1_083292.png,https://www.tng-project.org/api/TNG100-1/snapshots/99/subhalos/83292/
gas_poor_TNG100-1_083300.png,https://www.tng-project.org/api/TNG100-1/snapshots/99/subhalos/83300/
gas_poor_TNG100-1_083302.png,https://www.tng-project.org/api/TNG100-1/snapshots/99/subhalos/83302/
gas_poor_TNG100-1_083303.png,https://www.tng-project.org/api/TNG100-1/snapshots/99/subhalos/83303/
gas_poor_TNG100-1_083307.png,https://www.tng-project.org/api/TNG100-1/snapshots/99/subhalos/83307/
gas_poor_TNG100-1_083314.png,https://www.tng-project.org/api/TNG100-1/snapshots/99/subhalos/83314/
gas_poor_TNG100-1_083319.png,https://www.tng-project.org/api/TNG100-1/snapshots/99/subhalos/83319/
gas_poor_TNG100-1_083324.png,https://www.tng-project.org/api/TNG100-1/snapshots/99/subhalos/83324/
gas_poor_TNG100-1_083332.png,https://www.tng-project.org/api/TNG100-1/snapshots/99/subhalos/83332/
gas_poor_TNG100-1_083335.png,https://www.tng-project.org/api/TNG100-1/snapshots/99/subhalos/83335/
gas_poor_TNG100-1_083341.png,https://www.tng-project.org/api/TNG100-1/snapshots/99/subhalos/83341/
gas_poor_TNG100-1_083348.png,https://www.tng-project.org/api/TNG100-1/snapshots/99/subhalos/83348/
gas_poor_TNG100-1_083350.png,https://www.tng-project.org/api/TNG100-1/snapshots/99/subhalos/83350/
gas_poor_TNG100-1_083358.png,https://www.tng-project.org/api/TNG100-1/snapshots/99/subhalos/83358/
gas_poor_TNG100-1_083414.png,https://www.tng-project.org/api/TNG100-1/snapshots/99/subhalos/83414/
gas_poor_TNG100-1_088665.png,https://www.tng-project.org/api/TNG100-1/snapshots/99/subhalos/88665/
gas_poor_TNG100-1_088666.png,https://www.tng-project.org/api/TNG100-1/snapshots/99/subhalos/88666/
gas_poor_TNG100-1_088667.png,https://www.tng-project.org/api/TNG100-1/snapshots/99/subhalos/88667/
gas_poor_TNG100-1_088670.png,https://www.tng-project.org/api/TNG100-1/snapshots/99/subhalos/88670/
gas_poor_TNG100-1_088671.png,https://www.tng-project.org/api/TNG100-1/snapshots/99/subhalos/88671/
gas_poor_TNG100-1_088674.png,https://www.tng-project.org/api/TNG100-1/snapshots/99/subhalos/88674/
gas_poor_TNG100-1_088675.png,https://www.tng-project.org/api/TNG100-1/snapshots/99/subhalos/88675/
gas_poor_TNG100-1_088676.png,https://www.tng-project.org/api/TNG100-1/snapshots/99/subhalos/88676/
gas_poor_TNG100-1_088678.png,https://www.tng-project.org/api/TNG100-1/snapshots/99/subhalos/88678/
gas_poor_TNG100-1_088680.png,https://www.tng-project.org/api/TNG100-1/snapshots/99/subhalos/88680/
gas_poor_TNG100-1_088681.png,https://www.tng-project.org/api/TNG100-1/snapshots/99/subhalos/88681/
gas_poor_TNG100-1_088683.png,https://www.tng-project.org/api/TNG100-1/snapshots/99/subhalos/88683/
gas_poor_TNG100-1_088684.png,https://www.tng-project.org/api/TNG100-1/snapshots/99/subhalos/88684/
gas_poor_TNG100-1_088685.png,https://www.tng-project.org/api/TNG100-1/snapshots/99/subhalos/88685/
gas_poor_TNG100-1_088686.png,https://www.tng-project.org/api/TNG100-1/snapshots/99/subhalos/88686/
gas_poor_TNG100-1_088687.png,https://www.tng-project.org/api/TNG100-1/snapshots/99/subhalos/88687/
gas_poor_TNG100-1_088689.png,https://www.tng-project.org/api/TNG100-1/snapshots/99/subhalos/88689/
gas_poor_TNG100-1_088698.png,https://www.tng-project.org/api/TNG100-1/snapshots/99/subhalos/88698/
gas_poor_TNG100-1_088699.png,https://www.tng-project.org/api/TNG100-1/snapshots/99/subhalos/88699/
gas_poor_TNG100-1_088702.png,https://www.tng-project.org/api/TNG100-1/snapshots/99/subhalos/88702/
gas_poor_TNG100-1_088706.png,https://www.tng-project.org/api/TNG100-1/snapshots/99/subhalos/88706/
gas_poor_TNG100-1_088707.png,https://www.tng-project.org/api/TNG100-1/snapshots/99/subhalos/88707/
gas_poor_TNG100-1_088708.png,https://www.tng-project.org/api/TNG100-1/snapshots/99/subhalos/88708/
gas_poor_TNG100-1_088716.png,https://www.tng-project.org/api/TNG100-1/snapshots/99/subhalos/88716/
gas_poor_TNG100-1_088724.png,https://www.tng-project.org/api/TNG100-1/snapshots/99/subhalos/88724/
gas_poor_TNG100-1_088725.png,https://www.tng-project.org/api/TNG100-1/snapshots/99/subhalos/88725/
gas_poor_TNG100-1_088732.png,https://www.tng-project.org/api/TNG100-1/snapshots/99/subhalos/88732/
gas_poor_TNG100-1_088739.png,https://www.tng-project.org/api/TNG100-1/snapshots/99/subhalos/88739/
gas_poor_TNG100-1_088740.png,https://www.tng-project.org/api/TNG100-1/snapshots/99/subhalos/88740/
gas_poor_TNG100-1_088760.png,https://www.tng-project.org/api/TNG100-1/snapshots/99/subhalos/88760/
gas_poor_TNG100-1_088762.png,https://www.tng-project.org/api/TNG100-1/snapshots/99/subhalos/88762/
gas_poor_TNG100-1_088763.png,https://www.tng-project.org/api/TNG100-1/snapshots/99/subhalos/88763/
gas_poor_TNG100-1_096501.png,https://www.tng-project.org/api/TNG100-1/snapshots/99/subhalos/96501/
gas_poor_TNG100-1_096502.png,https://www.tng-project.org/api/TNG100-1/snapshots/99/subhalos/96502/
gas_poor_TNG100-1_096503.png,https://www.tng-project.org/api/TNG100-1/snapshots/99/subhalos/96503/
gas_poor_TNG100-1_096504.png,https://www.tng-project.org/api/TNG100-1/snapshots/99/subhalos/96504/
gas_poor_TNG100-1_096505.png,https://www.tng-project.org/api/TNG100-1/snapshots/99/subhalos/96505/
gas_poor_TNG100-1_096507.png,https://www.tng-project.org/api/TNG100-1/snapshots/99/subhalos/96507/
gas_poor_TNG100-1_096508.png,https://www.tng-project.org/api/TNG100-1/snapshots/99/subhalos/96508/
gas_poor_TNG100-1_096510.png,https://www.tng-project.org/api/TNG100-1/snapshots/99/subhalos/96510/
gas_poor_TNG100-1_096512.png,https://www.tng-project.org/api/TNG100-1/snapshots/99/subhalos/96512/
gas_poor_TNG100-1_096513.png,https://www.tng-project.org/api/TNG100-1/snapshots/99/subhalos/96513/
gas_poor_TNG100-1_096520.png,https://www.tng-project.org/api/TNG100-1/snapshots/99/subhalos/96520/
gas_poor_TNG100-1_096523.png,https://www.tng-project.org/api/TNG100-1/snapshots/99/subhalos/96523/
gas_poor_TNG100-1_096525.png,https://www.tng-project.org/api/TNG100-1/snapshots/99/subhalos/96525/
gas_poor_TNG100-1_096529.png,https://www.tng-project.org/api/TNG100-1/snapshots/99/subhalos/96529/
gas_poor_TNG100-1_096530.png,https://www.tng-project.org/api/TNG100-1/snapshots/99/subhalos/96530/
gas_poor_TNG100-1_096540.png,https://www.tng-project.org/api/TNG100-1/snapshots/99/subhalos/96540/
gas_poor_TNG100-1_096542.png,https://www.tng-project.org/api/TNG100-1/snapshots/99/subhalos/96542/
gas_poor_TNG100-1_096544.png,https://www.tng-project.org/api/TNG100-1/snapshots/99/subhalos/96544/
gas_poor_TNG100-1_096545.png,https://www.tng-project.org/api/TNG100-1/snapshots/99/subhalos/96545/
gas_poor_TNG100-1_096547.png,https://www.tng-project.org/api/TNG100-1/snapshots/99/subhalos/96547/
gas_poor_TNG100-1_096554.png,https://www.tng-project.org/api/TNG100-1/snapshots/99/subhalos/96554/
gas_poor_TNG100-1_096555.png,https://www.tng-project.org/api/TNG100-1/snapshots/99/subhalos/96555/
gas_poor_TNG100-1_096560.png,https://www.tng-project.org/api/TNG100-1/snapshots/99/subhalos/96560/
gas_poor_TNG100-1_096561.png,https://www.tng-project.org/api/TNG100-1/snapshots/99/subhalos/96561/
gas_poor_TNG100-1_096562.png,https://www.tng-project.org/api/TNG100-1/snapshots/99/subhalos/96562/
gas_poor_TNG100-1_096563.png,https://www.tng-project.org/api/TNG100-1/snapshots/99/subhalos/96563/
gas_poor_TNG100-1_096564.png,https://www.tng-project.org/api/TNG100-1/snapshots/99/subhalos/96564/
gas_poor_TNG100-1_096572.png,https://www.tng-project.org/api/TNG100-1/snapshots/99/subhalos/96572/
gas_poor_TNG100-1_096600.png,https://www.tng-project.org/api/TNG100-1/snapshots/99/subhalos/96600/
gas_poor_TNG100-1_096624.png,https://www.tng-project.org/api/TNG100-1/snapshots/99/subhalos/96624/
gas_poor_TNG100-1_102685.png,https://www.tng-project.org/api/TNG100-1/snapshots/99/subhalos/102685/
gas_poor_TNG100-1_102687.png,https://www.tng-project.org/api/TNG100-1/snapshots/99/subhalos/102687/
gas_poor_TNG100-1_102690.png,https://www.tng-project.org/api/TNG100-1/snapshots/99/subhalos/102690/
gas_poor_TNG100-1_102699.png,https://www.tng-project.org/api/TNG100-1/snapshots/99/subhalos/102699/
gas_poor_TNG100-1_102706.png,https://www.tng-project.org/api/TNG100-1/snapshots/99/subhalos/102706/
gas_poor_TNG100-1_102707.png,https://www.tng-project.org/api/TNG100-1/snapshots/99/subhalos/102707/
gas_poor_TNG100-1_102710.png,https://www.tng-project.org/api/TNG100-1/snapshots/99/subhalos/102710/
gas_poor_TNG100-1_102712.png,https://www.tng-project.org/api/TNG100-1/snapshots/99/subhalos/102712/
gas_poor_TNG100-1_102725.png,https://www.tng-project.org/api/TNG100-1/snapshots/99/subhalos/102725/
gas_poor_TNG100-1_108013.png,https://www.tng-project.org/api/TNG100-1/snapshots/99/subhalos/108013/
gas_poor_TNG100-1_108014.png,https://www.tng-project.org/api/TNG100-1/snapshots/99/subhalos/108014/
gas_poor_TNG100-1_108015.png,https://www.tng-project.org/api/TNG100-1/snapshots/99/subhalos/108015/
gas_poor_TNG100-1_108016.png,https://www.tng-project.org/api/TNG100-1/snapshots/99/subhalos/108016/
gas_poor_TNG100-1_108017.png,https://www.tng-project.org/api/TNG100-1/snapshots/99/subhalos/108017/
gas_poor_TNG100-1_108018.png,https://www.tng-project.org/api/TNG100-1/snapshots/99/subhalos/108018/
gas_poor_TNG100-1_108019.png,https://www.tng-project.org/api/TNG100-1/snapshots/99/subhalos/108019/
gas_poor_TNG100-1_108023.png,https://www.tng-project.org/api/TNG100-1/snapshots/99/subhalos/108023/
gas_poor_TNG100-1_108024.png,https://www.tng-project.org/api/TNG100-1/snapshots/99/subhalos/108024/
gas_poor_TNG100-1_108025.png,https://www.tng-project.org/api/TNG100-1/snapshots/99/subhalos/108025/
gas_poor_TNG100-1_108027.png,https://www.tng-project.org/api/TNG100-1/snapshots/99/subhalos/108027/
gas_poor_TNG100-1_108028.png,https://www.tng-project.org/api/TNG100-1/snapshots/99/subhalos/108028/
gas_poor_TNG100-1_108029.png,https://www.tng-project.org/api/TNG100-1/snapshots/99/subhalos/108029/
gas_poor_TNG100-1_108031.png,https://www.tng-project.org/api/TNG100-1/snapshots/99/subhalos/108031/
gas_poor_TNG100-1_108034.png,https://www.tng-project.org/api/TNG100-1/snapshots/99/subhalos/108034/
gas_poor_TNG100-1_108039.png,https://www.tng-project.org/api/TNG100-1/snapshots/99/subhalos/108039/
gas_poor_TNG100-1_108041.png,https://www.tng-project.org/api/TNG100-1/snapshots/99/subhalos/108041/
gas_poor_TNG100-1_108043.png,https://www.tng-project.org/api/TNG100-1/snapshots/99/subhalos/108043/
gas_poor_TNG100-1_108044.png,https://www.tng-project.org/api/TNG100-1/snapshots/99/subhalos/108044/
gas_poor_TNG100-1_108049.png,https://www.tng-project.org/api/TNG100-1/snapshots/99/subhalos/108049/
gas_poor_TNG100-1_108051.png,https://www.tng-project.org/api/TNG100-1/snapshots/99/subhalos/108051/
gas_poor_TNG100-1_108052.png,https://www.tng-project.org/api/TNG100-1/snapshots/99/subhalos/108052/
gas_poor_TNG100-1_108058.png,https://www.tng-project.org/api/TNG100-1/snapshots/99/subhalos/108058/
gas_poor_TNG100-1_108059.png,https://www.tng-project.org/api/TNG100-1/snapshots/99/subhalos/108059/
gas_poor_TNG100-1_108063.png,https://www.tng-project.org/api/TNG100-1/snapshots/99/subhalos/108063/
gas_poor_TNG100-1_108066.png,https://www.tng-project.org/api/TNG100-1/snapshots/99/subhalos/108066/
gas_poor_TNG100-1_108072.png,https://www.tng-project.org/api/TNG100-1/snapshots/99/subhalos/108072/
gas_poor_TNG100-1_108074.png,https://www.tng-project.org/api/TNG100-1/snapshots/99/subhalos/108074/
gas_poor_TNG100-1_108078.png,https://www.tng-project.org/api/TNG100-1/snapshots/99/subhalos/108078/
gas_poor_TNG100-1_108079.png,https://www.tng-project.org/api/TNG100-1/snapshots/99/subhalos/108079/
gas_poor_TNG100-1_108082.png,https://www.tng-project.org/api/TNG100-1/snapshots/99/subhalos/108082/
gas_poor_TNG100-1_108083.png,https://www.tng-project.org/api/TNG100-1/snapshots/99/subhalos/108083/
gas_poor_TNG100-1_108092.png,https://www.tng-project.org/api/TNG100-1/snapshots/99/subhalos/108092/
gas_poor_TNG100-1_114390.png,https://www.tng-project.org/api/TNG100-1/snapshots/99/subhalos/114390/
gas_poor_TNG100-1_114391.png,https://www.tng-project.org/api/TNG100-1/snapshots/99/subhalos/114391/
gas_poor_TNG100-1_114393.png,https://www.tng-project.org/api/TNG100-1/snapshots/99/subhalos/114393/
gas_poor_TNG100-1_114396.png,https://www.tng-project.org/api/TNG100-1/snapshots/99/subhalos/114396/
gas_poor_TNG100-1_114398.png,https://www.tng-project.org/api/TNG100-1/snapshots/99/subhalos/114398/
gas_poor_TNG100-1_114402.png,https://www.tng-project.org/api/TNG100-1/snapshots/99/subhalos/114402/
gas_poor_TNG100-1_114406.png,https://www.tng-project.org/api/TNG100-1/snapshots/99/subhalos/114406/
gas_poor_TNG100-1_114414.png,https://www.tng-project.org/api/TNG100-1/snapshots/99/subhalos/114414/
gas_poor_TNG100-1_114424.png,https://www.tng-project.org/api/TNG100-1/snapshots/99/subhalos/114424/
gas_poor_TNG100-1_114427.png,https://www.tng-project.org/api/TNG100-1/snapshots/99/subhalos/114427/
gas_poor_TNG100-1_114439.png,https://www.tng-project.org/api/TNG100-1/snapshots/99/subhalos/114439/
gas_poor_TNG100-1_118685.png,https://www.tng-project.org/api/TNG100-1/snapshots/99/subhalos/118685/
gas_poor_TNG100-1_118686.png,https://www.tng-project.org/api/TNG100-1/snapshots/99/subhalos/118686/
gas_poor_TNG100-1_118687.png,https://www.tng-project.org/api/TNG100-1/snapshots/99/subhalos/118687/
gas_poor_TNG100-1_118693.png,https://www.tng-project.org/api/TNG100-1/snapshots/99/subhalos/118693/
gas_poor_TNG100-1_118699.png,https://www.tng-project.org/api/TNG100-1/snapshots/99/subhalos/118699/
gas_poor_TNG100-1_118706.png,https://www.tng-project.org/api/TNG100-1/snapshots/99/subhalos/118706/
gas_poor_TNG100-1_118711.png,https://www.tng-project.org/api/TNG100-1/snapshots/99/subhalos/118711/
gas_poor_TNG100-1_121865.png,https://www.tng-project.org/api/TNG100-1/snapshots/99/subhalos/121865/
gas_poor_TNG100-1_121866.png,https://www.tng-project.org/api/TNG100-1/snapshots/99/subhalos/121866/
gas_poor_TNG100-1_121867.png,https://www.tng-project.org/api/TNG100-1/snapshots/99/subhalos/121867/
gas_poor_TNG100-1_121869.png,https://www.tng-project.org/api/TNG100-1/snapshots/99/subhalos/121869/
gas_poor_TNG100-1_121871.png,https://www.tng-project.org/api/TNG100-1/snapshots/99/subhalos/121871/
gas_poor_TNG100-1_121872.png,https://www.tng-project.org/api/TNG100-1/snapshots/99/subhalos/121872/
gas_poor_TNG100-1_121873.png,https://www.tng-project.org/api/TNG100-1/snapshots/99/subhalos/121873/
gas_poor_TNG100-1_121889.png,https://www.tng-project.org/api/TNG100-1/snapshots/99/subhalos/121889/
gas_poor_TNG100-1_121890.png,https://www.tng-project.org/api/TNG100-1/snapshots/99/subhalos/121890/
gas_poor_TNG100-1_121896.png,https://www.tng-project.org/api/TNG100-1/snapshots/99/subhalos/121896/
gas_poor_TNG100-1_121897.png,https://www.tng-project.org/api/TNG100-1/snapshots/99/subhalos/121897/
gas_poor_TNG100-1_125029.png,https://www.tng-project.org/api/TNG100-1/snapshots/99/subhalos/125029/
gas_poor_TNG100-1_125030.png,https://www.tng-project.org/api/TNG100-1/snapshots/99/subhalos/125030/
gas_poor_TNG100-1_125031.png,https://www.tng-project.org/api/TNG100-1/snapshots/99/subhalos/125031/
gas_poor_TNG100-1_125032.png,https://www.tng-project.org/api/TNG100-1/snapshots/99/subhalos/125032/
gas_poor_TNG100-1_125033.png,https://www.tng-project.org/api/TNG100-1/snapshots/99/subhalos/125033/
gas_poor_TNG100-1_125035.png,https://www.tng-project.org/api/TNG100-1/snapshots/99/subhalos/125035/
gas_poor_TNG100-1_125038.png,https://www.tng-project.org/api/TNG100-1/snapshots/99/subhalos/125038/
gas_poor_TNG100-1_125039.png,https://www.tng-project.org/api/TNG100-1/snapshots/99/subhalos/125039/
gas_poor_TNG100-1_125041.png,https://www.tng-project.org/api/TNG100-1/snapshots/99/subhalos/125041/
gas_poor_TNG100-1_125044.png,https://www.tng-project.org/api/TNG100-1/snapshots/99/subhalos/125044/
gas_poor_TNG100-1_125045.png,https://www.tng-project.org/api/TNG100-1/snapshots/99/subhalos/125045/
gas_poor_TNG100-1_125047.png,https://www.tng-project.org/api/TNG100-1/snapshots/99/subhalos/125047/
gas_poor_TNG100-1_125048.png,https://www.tng-project.org/api/TNG100-1/snapshots/99/subhalos/125048/
gas_poor_TNG100-1_125050.png,https://www.tng-project.org/api/TNG100-1/snapshots/99/subhalos/125050/
gas_poor_TNG100-1_125055.png,https://www.tng-project.org/api/TNG100-1/snapshots/99/subhalos/125055/
gas_poor_TNG100-1_125056.png,https://www.tng-project.org/api/TNG100-1/snapshots/99/subhalos/125056/
gas_poor_TNG100-1_125057.png,https://www.tng-project.org/api/TNG100-1/snapshots/99/subhalos/125057/
gas_poor_TNG100-1_125058.png,https://www.tng-project.org/api/TNG100-1/snapshots/99/subhalos/125058/
gas_poor_TNG100-1_125062.png,https://www.tng-project.org/api/TNG100-1/snapshots/99/subhalos/125062/
gas_poor_TNG100-1_125065.png,https://www.tng-project.org/api/TNG100-1/snapshots/99/subhalos/125065/
gas_poor_TNG100-1_125122.png,https://www.tng-project.org/api/TNG100-1/snapshots/99/subhalos/125122/
gas_poor_TNG100-1_125151.png,https://www.tng-project.org/api/TNG100-1/snapshots/99/subhalos/125151/
gas_poor_TNG100-1_125163.png,https://www.tng-project.org/api/TNG100-1/snapshots/99/subhalos/125163/
gas_poor_TNG100-1_128399.png,https://www.tng-project.org/api/TNG100-1/snapshots/99/subhalos/128399/
gas_poor_TNG100-1_128400.png,https://www.tng-project.org/api/TNG100-1/snapshots/99/subhalos/128400/
gas_poor_TNG100-1_128405.png,https://www.tng-project.org/api/TNG100-1/snapshots/99/subhalos/128405/
gas_poor_TNG100-1_128408.png,https://www.tng-project.org/api/TNG100-1/snapshots/99/subhalos/128408/
gas_poor_TNG100-1_128410.png,https://www.tng-project.org/api/TNG100-1/snapshots/99/subhalos/128410/
gas_poor_TNG100-1_128412.png,https://www.tng-project.org/api/TNG100-1/snapshots/99/subhalos/128412/
gas_poor_TNG100-1_128414.png,https://www.tng-project.org/api/TNG100-1/snapshots/99/subhalos/128414/
gas_poor_TNG100-1_128423.png,https://www.tng-project.org/api/TNG100-1/snapshots/99/subhalos/128423/
gas_poor_TNG100-1_128424.png,https://www.tng-project.org/api/TNG100-1/snapshots/99/subhalos/128424/
gas_poor_TNG100-1_128425.png,https://www.tng-project.org/api/TNG100-1/snapshots/99/subhalos/128425/
gas_poor_TNG100-1_128429.png,https://www.tng-project.org/api/TNG100-1/snapshots/99/subhalos/128429/
gas_poor_TNG100-1_128433.png,https://www.tng-project.org/api/TNG100-1/snapshots/99/subhalos/128433/
gas_poor_TNG100-1_128439.png,https://www.tng-project.org/api/TNG100-1/snapshots/99/subhalos/128439/
gas_poor_TNG100-1_128443.png,https://www.tng-project.org/api/TNG100-1/snapshots/99/subhalos/128443/
gas_poor_TNG100-1_131048.png,https://www.tng-project.org/api/TNG100-1/snapshots/99/subhalos/131048/
gas_poor_TNG100-1_131050.png,https://www.tng-project.org/api/TNG100-1/snapshots/99/subhalos/131050/
gas_poor_TNG100-1_131054.png,https://www.tng-project.org/api/TNG100-1/snapshots/99/subhalos/131054/
gas_poor_TNG100-1_131056.png,https://www.tng-project.org/api/TNG100-1/snapshots/99/subhalos/131056/
gas_poor_TNG100-1_131057.png,https://www.tng-project.org/api/TNG100-1/snapshots/99/subhalos/131057/
gas_poor_TNG100-1_131058.png,https://www.tng-project.org/api/TNG100-1/snapshots/99/subhalos/131058/
gas_poor_TNG100-1_131060.png,https://www.tng-project.org/api/TNG100-1/snapshots/99/subhalos/131060/
gas_poor_TNG100-1_131063.png,https://www.tng-project.org/api/TNG100-1/snapshots/99/subhalos/131063/
gas_poor_TNG100-1_131070.png,https://www.tng-project.org/api/TNG100-1/snapshots/99/subhalos/131070/
gas_poor_TNG100-1_131075.png,https://www.tng-project.org/api/TNG100-1/snapshots/99/subhalos/131075/
gas_poor_TNG100-1_131078.png,https://www.tng-project.org/api/TNG100-1/snapshots/99/subhalos/131078/
gas_poor_TNG100-1_134852.png,https://www.tng-project.org/api/TNG100-1/snapshots/99/subhalos/134852/
gas_poor_TNG100-1_134855.png,https://www.tng-project.org/api/TNG100-1/snapshots/99/subhalos/134855/
gas_poor_TNG100-1_134859.png,https://www.tng-project.org/api/TNG100-1/snapshots/99/subhalos/134859/
gas_poor_TNG100-1_134864.png,https://www.tng-project.org/api/TNG100-1/snapshots/99/subhalos/134864/
gas_poor_TNG100-1_134866.png,https://www.tng-project.org/api/TNG100-1/snapshots/99/subhalos/134866/
gas_poor_TNG100-1_134869.png,https://www.tng-project.org/api/TNG100-1/snapshots/99/subhalos/134869/
gas_poor_TNG100-1_134876.png,https://www.tng-project.org/api/TNG100-1/snapshots/99/subhalos/134876/
gas_poor_TNG100-1_134878.png,https://www.tng-project.org/api/TNG100-1/snapshots/99/subhalos/134878/
gas_poor_TNG100-1_134879.png,https://www.tng-project.org/api/TNG100-1/snapshots/99/subhalos/134879/
gas_poor_TNG100-1_134881.png,https://www.tng-project.org/api/TNG100-1/snapshots/99/subhalos/134881/
gas_poor_TNG100-1_134898.png,https://www.tng-project.org/api/TNG100-1/snapshots/99/subhalos/134898/
gas_poor_TNG100-1_134901.png,https://www.tng-project.org/api/TNG100-1/snapshots/99/subhalos/134901/
gas_poor_TNG100-1_137886.png,https://www.tng-project.org/api/TNG100-1/snapshots/99/subhalos/137886/
gas_poor_TNG100-1_137887.png,https://www.tng-project.org/api/TNG100-1/snapshots/99/subhalos/137887/
gas_poor_TNG100-1_137892.png,https://www.tng-project.org/api/TNG100-1/snapshots/99/subhalos/137892/
